Capacity,Batch Size,Tree,Insertion,Sampling
1024,128,rllib,1.5782191359903663,0.641320550115779
16384,128,rllib,2.1626772098243237,0.8557975818403065
131072,128,rllib,2.6242627899628133,1.0352960960008204
1048576,128,rllib,3.1177759061101824,1.2236298250500113
1024,128,ours,0.0160699849948287,0.013736133929342031
16384,128,ours,0.01645029801875353,0.017269673058763146
131072,128,ours,0.016767297172918916,0.020091442856937647
1048576,128,ours,0.01796209206804633,0.024116893066093326
